ID,SalePrice
1461,118262.17478953772
1462,162707.74900567936
1463,186866.18122197705
1464,192337.20467401127
1465,187114.97980867128
1466,171188.22996536718
1467,174938.00061890503
1468,158775.8213998344
1469,184867.8907581084
1470,128545.99610637718
1471,200027.85265015543
1472,94669.3609580291
1473,96051.47434654715
1474,150697.37746877558
1475,116498.72382817317
1476,383906.6116343142
1477,242316.1594652405
1478,290162.6096869924
1479,298668.47751248843
1480,531875.0805496948
1481,311976.8404015053
1482,197774.04229647483
1483,166743.50775372796
1484,168695.79511054346
1485,182692.182751519
1486,192777.82619253683
1487,334336.8365857402
1488,224895.26833346358
1489,203963.80902488466
1490,218548.47581917624
1491,191894.4931486659
1492,81213.85942792438
1493,176440.6407273091
1494,298787.5656497895
1495,281472.3015858986
1496,241106.8070073585
1497,179661.9634828967
1498,164681.63151543192
1499,158380.46682515618
1500,154348.1703208639
1501,179686.62426554694
1502,156184.68339541793
1503,275936.14746846317
1504,246725.24292404798
1505,225718.97898879315
1506,183800.52981078695
1507,236856.32606966796
1508,204443.92224247142
1509,158670.6282525596
1510,147154.73630277472
1511,149171.28756639318
1512,172256.78113392822
1513,141523.13394576142
1514,173028.5676886912
1515,195573.08058290355
1516,156842.9935306992
1517,162569.21703324022
1518,134023.20681585683
1519,225439.13633025222
1520,135961.2734094245
1521,136584.17619176648
1522,166681.4867268019
1523,106014.23633442381
1524,122236.63916269553
1525,123946.03126594315
1526,117091.46942137409
1527,110928.71218633217
1528,135836.2621793246
1529,142954.7156968653
1530,171367.18008207425
1531,136882.83609282263
1532,95499.7146577914
1533,148410.91589701324
1534,122478.56174389596
1535,165446.50513049052
1536,106843.97969994498
1537,67299.46188561617
1538,165435.78100993508
1539,190580.1631071644
1540,99174.14868494411
1541,136442.36422244736
1542,130815.83672397741
1543,206133.23800721302
1544,79389.42059641417
1545,108541.04750441003
1546,129913.69993872789
1547,126341.20568113131
1548,126127.4743790174
1549,118425.31399755995
1550,128881.38236209158
1551,113320.0821921239
1552,134373.03961491352
1553,141836.90967074063
1554,121386.94533007305
1555,166425.55521365802
1556,87579.18017263287
1557,92772.05415894104
1558,98358.8682505295
1559,89591.04743641314
1560,136728.81844436124
1561,134196.45904282777
1562,128407.75496522944
1563,126219.34771977918
1564,161399.00582329076
1565,147924.77145950976
1566,242073.47733099863
1567,73855.52821782758
1568,235479.21073312292
1569,147400.51893489267
1570,149658.043939512
1571,119977.40153598678
1572,147776.04285967504
1573,248503.08884807143
1574,109140.95130245907
1575,226494.8613104664
1576,243715.68604832067
1577,185518.66808967263
1578,138659.9288503322
1579,146059.717738673
1580,194101.20385494406
1581,155193.75952421816
1582,127713.51070093438
1583,317380.91376942047
1584,222997.41759066645
1585,139991.36508580582
1586,71581.0159734999
1587,105411.22789074329
1588,152934.39975756253
1589,92112.5430116812
1590,130458.89005408697
1591,93570.87192300255
1592,122523.71715511767
1593,130361.72368383947
1594,134517.3789067833
1595,111885.21956907786
1596,223012.09534924568
1597,178268.03464561407
1598,198043.74061091602
1599,173936.05450979513
1600,169758.41605503435
1601,67698.54013089121
1602,108295.3178019819
1603,87451.5161640696
1604,278743.15105044516
1605,252915.1358096739
1606,169087.482325302
1607,165560.0071764103
1608,201893.3456847229
1609,182087.9680050234
1610,150577.1839352046
1611,148077.51974961752
1612,170863.333983863
1613,160555.86217606638
1614,130047.51132517631
1615,91187.06476355273
1616,75012.39635005996
1617,89620.63956346842
1618,121163.79421102375
1619,145025.9915084909
1620,153006.23064914695
1621,140057.93964387442
1622,145030.96787569398
1623,284531.25410815777
1624,219002.31416792684
1625,122180.96240534591
1626,165506.10834434011
1627,188118.93418311514
1628,281356.5091726676
1629,180618.21438042287
1630,332891.8829795378
1631,201720.5423373496
1632,218465.40513211617
1633,173970.96821550693
1634,184620.40731926876
1635,180258.0091521201
1636,149110.19124196944
1637,187881.393962168
1638,199357.20872233174
1639,173916.7369932895
1640,266291.70110569516
1641,172795.6380261988
1642,241490.65946857957
1643,222330.74682314578
1644,239844.52030134285
1645,197515.14580281015
1646,156511.80426449096
1647,159759.99940213212
1648,131061.51420228154
1649,138507.56258741822
1650,122519.02032390308
1651,120072.428529482
1652,97132.7937030167
1653,99816.60715364144
1654,146018.6781153258
1655,147459.62257352183
1656,139532.73642384564
1657,143387.6883205407
1658,145640.13180935
1659,121465.3943917598
1660,157315.36289615763
1661,425738.8929727576
1662,391597.8317162849
1663,383954.8367216969
1664,446400.3872331532
1665,315415.82426020066
1666,354721.84361443185
1667,364226.8557637885
1668,331530.3324614391
1669,296313.86277712556
1670,354457.96105605416
1671,256319.13558625683
1672,470929.9909528558
1673,293010.8199537242
1674,245385.09660017068
1675,184797.27496282864
1676,193492.1900544366
1677,207130.42928565055
1678,459493.9258397236
1679,406944.1486180656
1680,328095.2569825986
1681,245091.54790840644
1682,319825.4600662651
1683,178697.3602593602
1684,171130.4615231998
1685,167043.15034495367
1686,170134.6217165895
1687,170110.2711540289
1688,189628.65830969077
1689,196076.82883671805
1690,195992.35949876177
1691,185861.63794888832
1692,271273.9716850555
1693,168579.35756596783
1694,176634.17127386696
1695,164760.7264425431
1696,260383.65721481474
1697,166641.6570346732
1698,349563.2762707366
1699,324636.9148332782
1700,248402.76808086786
1701,266760.2044634689
1702,231543.41834384893
1703,240309.36495476286
1704,279131.1695498733
1705,233808.07247022813
1706,362134.0711089661
1707,215703.88807204107
1708,203233.37263450588
1709,277633.74357774406
1710,228711.75829400023
1711,272184.23186860513
1712,263901.5683158487
1713,272682.83564802026
1714,226956.83105140433
1715,210172.28823291665
1716,187625.0590094232
1717,176488.9202672242
1718,119805.04553452508
1719,202231.7084946173
1720,247994.04487324518
1721,162012.23316199458
1722,111213.24943838631
1723,150504.40501819475
1724,201550.9691499773
1725,237031.347681884
1726,189235.59989110974
1727,156526.03279036848
1728,183589.7342881892
1729,159681.1529367758
1730,155429.70863626967
1731,121651.3653100582
1732,131283.18562389928
1733,117357.51147712828
1734,118754.1047690566
1735,134184.1706268313
1736,115825.5358473324
1737,306897.0461225052
1738,233284.32017766286
1739,234608.60411898684
1740,213806.81674307387
1741,189511.0642423553
1742,167578.77787997533
1743,177081.1951426437
1744,318832.42520365724
1745,203267.56242682753
1746,206770.07064870832
1747,225130.83249214696
1748,219708.0893518399
1749,150564.57906706407
1750,128974.28679885899
1751,255018.66608361102
1752,122497.76692015005
1753,146889.82008824337
1754,193411.13883006247
1755,174223.35338370272
1756,128670.65703762096
1757,117604.00587361757
1758,144335.16098113765
1759,173774.37961193267
1760,167584.1448498819
1761,145599.96920787368
1762,174281.48092529262
1763,174632.3379983901
1764,121598.66941937711
1765,162753.01155083554
1766,177945.52270876153
1767,220559.65069450173
1768,145193.08133628944
1769,174773.75128459831
1770,149502.3039863765
1771,121078.53148628159
1772,134787.2132424229
1773,136856.35849877077
1774,139813.6709035449
1775,134414.96086083175
1776,121249.50107993602
1777,121285.28139826216
1778,140450.36288303768
1779,121291.84698303227
1780,180635.88120630238
1781,122661.29433774095
1782,88995.60700178432
1783,145989.66828895675
1784,111447.2623754318
1785,120437.08953815223
1786,139280.6562893814
1787,168780.30686948396
1788,68464.17980690546
1789,107388.13469573074
1790,72522.0894865967
1791,175823.10561221855
1792,149880.12271562105
1793,128768.38833131001
1794,147282.2989558515
1795,131333.29877278596
1796,129656.92195248805
1797,114184.605265146
1798,121857.8811895186
1799,109510.94135331933
1800,130993.9114043666
1801,132164.76878195765
1802,128967.78573988852
1803,146979.93219520018
1804,148690.8057093171
1805,142476.08233091928
1806,125852.87351932687
1807,126939.3780534387
1808,121768.17672910662
1809,121072.56905703078
1810,145301.0501311164
1811,94736.32482808633
1812,87395.17034315091
1813,121855.20924919205
1814,92295.50068879595
1815,52610.45940033021
1816,98984.88939778418
1817,109885.32887053517
1818,156095.44137250018
1819,138005.59934784242
1820,70558.20342836065
1821,111092.31581078882
1822,145592.74256490017
1823,46600.482620334966
1824,133750.14787891242
1825,143337.037649074
1826,108578.77552788216
1827,98653.766973112
1828,130429.68440272179
1829,108695.30388588588
1830,138780.6558137414
1831,156535.51077752814
1832,99308.77972783757
1833,136655.57704245197
1834,132288.69263642223
1835,127144.89811329548
1836,123821.7372428146
1837,94641.83234192645
1838,128645.23145499719
1839,96862.81263360844
1840,164711.93624147124
1841,152299.00242476037
1842,82556.36830550541
1843,137828.68077623638
1844,143731.72540517282
1845,152834.48431057966
1846,151665.86247215635
1847,171659.08598436482
1848,49059.924822823494
1849,109081.23840097572
1850,121652.23977705628
1851,163402.3791645053
1852,129760.96685776851
1853,141374.86301955418
1854,163152.60786203344
1855,155703.5980645821
1856,229529.85964900767
1857,156705.9629302997
1858,131954.6939901235
1859,123548.75978971794
1860,150158.94757733
1861,120563.45605268874
1862,286969.10627573717
1863,262472.1284217211
1864,262472.1284217211
1865,356109.5856783194
1866,338964.331362853
1867,230780.97390461687
1868,306288.81424147123
1869,209648.88400082832
1870,231971.8665379522
1871,261145.66355824843
1872,168562.90600732272
1873,241267.0190070537
1874,148128.49651362412
1875,200125.78729331936
1876,188838.83629512385
1877,208283.52260687845
1878,203934.83144588335
1879,128379.40983025405
1880,135666.8646373079
1881,246666.66694506703
1882,253343.27963384276
1883,192317.21422191476
1884,203223.06162274262
1885,247255.51452170836
1886,310014.29418444994
1887,205507.0583415352
1888,279604.374374423
1889,162160.44563906794
1890,130855.92515076237
1891,137566.1968511199
1892,98325.60738711253
1893,136172.56259568242
1894,134880.70348857978
1895,144823.9768342569
1896,130121.8620213749
1897,115343.35302492754
1898,124666.98163817619
1899,148312.01646692315
1900,141333.44162217705
1901,161672.42785534484
1902,128817.52207805759
1903,218284.1698857011
1904,122924.62133872295
1905,181569.3097702794
1906,161711.7540296402
1907,206077.29694878083
1908,108400.02222540707
1909,141402.95704811215
1910,121457.81179546299
1911,200311.8295627133
1912,298565.7580681297
1913,146900.93450315468
1914,69838.7750166994
1915,341888.1589954714
1916,66959.85444156996
1917,247308.19808487903
1918,142555.65192578032
1919,180920.14728542604
1920,155895.3821474373
1921,397309.35146032175
1922,315108.3105589299
1923,212273.20498529976
1924,240990.5976887053
1925,201568.96627485412
1926,409075.86143620504
1927,136476.7217260272
1928,153409.52039588484
1929,125011.00547156624
1930,140598.60519787276
1931,148652.9549667407
1932,140071.18085113075
1933,180231.8453778124
1934,174370.7141604686
1935,169382.92129918598
1936,184671.4341317217
1937,183975.4872012882
1938,165692.57583906085
1939,220118.56545230732
1940,180991.97249141688
1941,167832.80543210497
1942,184499.1761262133
1943,200071.3636955311
1944,345126.71683265915
1945,388877.62350068096
1946,131056.6986259997
1947,288875.7234143424
1948,161304.98714356497
1949,235785.96726952816
1950,181802.48558130645
1951,274648.3710960168
1952,223920.62061536568
1953,170412.9880735022
1954,185599.04003196125
1955,132245.3493954582
1956,313815.4409916783
1957,146635.45013434888
1958,312555.389098753
1959,137214.16188056403
1960,111656.02505620064
1961,120797.27516742612
1962,94822.92457172846
1963,103299.68119839925
1964,107242.45713838283
1965,144425.52540073506
1966,131820.4521287007
1967,285981.5296287041
1968,414816.8734669864
1969,408914.46066285466
1970,454979.23110686324
1971,431148.38669640984
1972,396602.9460550468
1973,263953.39380640135
1974,328033.57835323847
1975,462243.7279572986
1976,272156.8900495803
1977,387412.59834412736
1978,371430.8577627139
1979,295098.22062932164
1980,198090.99697883576
1981,349697.1984466319
1982,218820.7350300535
1983,202062.7459818414
1984,165921.66260338706
1985,227334.7289675391
1986,222986.15768994106
1987,182597.70108567417
1988,175869.92260180676
1989,192298.61408397774
1990,209443.26090119727
1991,217519.25022177023
1992,216126.52615086164
1993,170080.1949631744
1994,224470.74092920218
1995,182943.5588488696
1996,249230.7348594189
1997,307076.5426776064
1998,341013.80783887435
1999,268367.6211049389
2000,311547.45756948
2001,270258.61589878885
2002,232809.96360270298
2003,253627.93999652224
2004,293835.2597325438
2005,212385.6122862248
2006,225917.37805696295
2007,244379.80508869982
2008,215594.76136752206
2009,191751.38015634156
2010,192609.17705622254
2011,125208.77833652431
2012,170963.31811303733
2013,182376.61953801985
2014,183218.5319242909
2015,205399.8697856968
2016,193671.7433228653
2017,204748.15803937116
2018,131601.79972837833
2019,132639.51640188418
2020,101438.22588700961
2021,107823.74771855147
2022,178706.27698181945
2023,142904.42230033706
2024,255793.25679806326
2025,361858.40534490894
2026,176096.30296824483
2027,155993.88054243723
2028,163875.17111720427
2029,163647.34143009697
2030,278383.3575656091
2031,239387.19953370176
2032,257335.0573287387
2033,265947.6924446206
2034,168673.020622023
2035,212320.83384694497
2036,202764.02351612714
2037,203374.10251811027
2038,287754.3824427947
2039,217240.98805576673
2040,299867.4234238253
2041,300270.36882481416
2042,200769.88112463802
2043,165187.63977239723
2044,161082.21173722044
2045,214163.20217785615
2046,145665.67574000618
2047,138005.40994735615
2048,141525.3245870566
2049,142720.90931160888
2050,178120.26462122562
2051,108763.53044128012
2052,121648.2024714695
2053,148136.66902466642
2054,94693.6500341584
2055,149572.62495842655
2056,159287.7428438855
2057,115750.58953244334
2058,220721.2842660483
2059,130550.5733297203
2060,171444.31334053545
2061,169549.99816815567
2062,129130.22349153292
2063,125324.7263808707
2064,136757.45210480815
2065,112606.0586501714
2066,175311.16574593307
2067,120877.52775838209
2068,151038.20429149768
2069,84054.20860169952
2070,108763.89186754945
2071,98278.72398660051
2072,133509.33997111706
2073,144066.50599093366
2074,182152.34090198725
2075,143433.04191114518
2076,116163.35149710356
2077,150141.55143706012
2078,124279.91649516008
2079,132937.84200875816
2080,117815.21240159762
2081,123715.25244615706
2082,132233.05966365698
2083,145045.14467392841
2084,113335.88530838527
2085,114035.8248332457
2086,117848.37004805579
2087,119529.9988743257
2088,93818.5395423348
2089,76588.41079602705
2090,134679.65618523484
2091,115788.28693495445
2092,124169.76336008162
2093,118754.7148065464
2094,114058.1978616283
2095,145097.37704751123
2096,77125.9090798735
2097,96344.00076401494
2098,147104.3961645663
2099,51470.54431378541
2100,94641.7709874614
2101,106868.18072108847
2102,134432.64483538
2103,105968.77354144855
2104,139697.38250288166
2105,131554.48767883168
2106,57935.47844969523
2107,219407.23629152047
2108,109869.30868793947
2109,99739.83797779596
2110,131212.79711484368
2111,144371.57151947188
2112,138603.39791877862
2113,120832.00563039235
2114,114223.32323109996
2115,159661.84572050534
2116,113058.44504787357
2117,155920.31322972378
2118,122281.07244273745
2119,109083.71553649956
2120,122647.13107960556
2121,99306.66780417842
2122,109877.54658246158
2123,87769.0978742545
2124,164771.15858599968
2125,126356.60534476904
2126,145884.93401587981
2127,144797.2358843732
2128,132394.76837624135
2129,99933.10819765567
2130,138385.57732957177
2131,142646.9270467265
2132,112888.71047995547
2133,118829.14241145535
2134,121812.3086896279
2135,89731.11021845408
2136,71661.47884963262
2137,103782.52726254637
2138,133120.0889111728
2139,145415.6415185802
2140,139667.70890526005
2141,153074.89171098205
2142,125326.07142364401
2143,144634.64491625625
2144,112713.5201658399
2145,141188.26831321747
2146,172515.0083438079
2147,135217.12560008236
2148,137496.70606889355
2149,145647.51171960717
2150,218240.97307666784
2151,116850.8574983989
2152,164079.4537962608
2153,165304.0575517803
2154,106562.17348038881
2155,142675.47596401715
2156,258672.60368608072
2157,239140.36877442326
2158,251479.8125827912
2159,216918.2710968667
2160,169571.82908336035
2161,244713.60427607398
2162,395946.57422888704
2163,356037.22604173084
2164,249838.14946181356
2165,190072.8426510634
2166,150882.4447854819
2167,218610.32765170638
2168,190274.4475925338
2169,199827.92161488312
2170,221193.81574011277
2171,151608.43606406657
2172,130835.22802291851
2173,158002.20027229
2174,221347.13984804068
2175,297957.1107786618
2176,333724.63888977526
2177,236080.9581477349
2178,216263.93407099214
2179,138372.911963372
2180,222198.31018480126
2181,187318.07927246852
2182,221161.0957558013
2183,189559.90671905057
2184,119551.74314731894
2185,130963.4695687212
2186,137659.0328161246
2187,155471.72571861217
2188,158568.2860300382
2189,243615.97511233977
2190,82209.40628232072
2191,84943.65639333599
2192,89082.27011641959
2193,110184.23720709844
2194,102254.79152117528
2195,113257.14614639485
2196,115209.78966552601
2197,120611.08299767607
2198,157750.19606166147
2199,191172.86788952546
2200,138624.2267935701
2201,133390.14465836738
2202,202911.8616115847
2203,136683.01200916764
2204,183020.9714552913
2205,100283.22423835183
2206,120496.65155949314
2207,204610.0792572946
2208,250011.16004810267
2209,200984.33475541425
2210,118619.34458080604
2211,108460.5460004572
2212,115225.15234660263
2213,108658.08978291285
2214,129026.36122070157
2215,106861.29895924675
2216,147216.5916772315
2217,63065.266874950255
2218,89377.72198606985
2219,75262.42903539925
2220,86441.66764279902
2221,353484.2155970145
2222,275013.27416205587
2223,287468.79732427176
2224,212620.51426128612
2225,121570.98685861062
2226,188255.8452694096
2227,208893.26101903734
2228,260466.11967778788
2229,256149.93110788453
2230,151502.8425877709
2231,208590.67629028324
2232,174625.43154616226
2233,184811.8935023139
2234,241050.3774693574
2235,210002.4497839999
2236,254317.50211186486
2237,354290.0835253168
2238,202042.49846808283
2239,99703.03344528402
2240,157538.29207777558
2241,154693.6479104573
2242,125370.29998160819
2243,129720.81389578192
2244,111623.1163012907
2245,105762.92822544424
2246,147760.978852593
2247,106505.61098387849
2248,131252.69328859326
2249,123040.54377717302
2250,132032.96521715805
2251,119483.80229930849
2252,169951.0734163276
2253,150580.14202948895
2254,174872.1947448655
2255,189385.8606279089
2256,184423.03775857956
2257,194507.61518363268
2258,167501.69348068142
2259,176363.8550542939
2260,151203.27533463587
2261,172834.69938210043
2262,201892.90045088995
2263,363072.1103892501
2264,389230.1007670278
2265,161241.51698397592
2266,279886.86831616604
2267,380626.07106140215
2268,373463.8585070046
2269,150252.25628183188
2270,201856.35007716902
2271,223734.31474649755
2272,213027.8557815983
2273,163824.716982501
2274,175761.124920165
2275,162759.3795046435
2276,192131.07471684378
2277,182830.42780734444
2278,144154.7934576234
2279,128147.73589691371
2280,120620.88940775576
2281,162343.22226584473
2282,184491.63560887182
2283,102040.80958188574
2284,110425.2544586463
2285,135926.4078926872
2286,125262.63217364514
2287,377149.4329449154
2288,272576.14373821835
2289,388229.0226936322
2290,470815.5200754634
2291,332698.80023077194
2292,456464.60109621583
2293,473704.16285144654
2294,424169.9953970681
2295,469655.8284952319
2296,272335.3859655223
2297,336002.2432598638
2298,348403.4985324647
2299,374116.1185864165
2300,340900.97733655316
2301,315301.29105172
2302,235098.4685739148
2303,231751.44392731733
2304,227444.76941353775
2305,187882.71350038995
2306,185140.56803022407
2307,185047.45439049302
2308,220194.38667095487
2309,289404.17426559364
2310,208290.7515975885
2311,202387.06782995677
2312,160922.6590625495
2313,164741.5454662133
2314,168020.613832123
2315,171122.33265435064
2316,177895.90183074633
2317,178288.06058926758
2318,177097.5100855842
2319,180147.18640748304
2320,184187.39108984076
2321,257555.5037763364
2322,176525.87113503326
2323,186881.54782646458
2324,177358.06305967193
2325,209682.95954362015
2326,175034.56880945183
2327,205320.29626398548
2328,226546.7060319685
2329,184335.89223561954
2330,175125.88202379254
2331,371962.15180189605
2332,392168.3045331809
2333,310138.606493113
2334,235401.53621067418
2335,268539.4925182213
2336,327548.4928172929
2337,195421.32335699946
2338,265691.62843826116
2339,225551.39870257102
2340,413916.5390767887
2341,214873.18674950988
2342,222968.20467070438
2343,224620.36884142924
2344,210300.62269762708
2345,225414.99400199085
2346,223511.2149599938
2347,208286.67937443234
2348,242509.08702206812
2349,171254.52999730402
2350,335966.9280074899
2351,261769.4239114374
2352,250961.78906899315
2353,240730.97858029915
2354,112284.66820698265
2355,136529.53868353175
2356,145452.67946432985
2357,193029.95015424912
2358,197401.648727931
2359,133267.7819448829
2360,117696.45438604316
2361,146373.13305665195
2362,275393.1767002605
2363,133360.01878526335
2364,155271.42948080163
2365,225066.33374596134
2366,199108.91508345996
2367,222089.91024223005
2368,214338.52579587788
2369,223477.9937354415
2370,169411.6248223258
2371,158205.67485753563
2372,190257.67074979615
2373,280881.5741657644
2374,314002.4538844411
2375,246236.29494787403
2376,294894.6803647571
2377,332401.40854053857
2378,139294.3972831875
2379,193552.26577137003
2380,141158.10215922748
2381,165223.93599411557
2382,209522.59098065048
2383,208176.61921514553
2384,244965.7479212707
2385,165226.21971833028
2386,135696.2669037949
2387,134341.52344835494
2388,99354.99350990614
2389,124452.06181267214
2390,155022.57720601355
2391,145918.05328427357
2392,114220.04969925496
2393,165451.1107358925
2394,144842.83098552076
2395,190427.48920473494
2396,149203.72513635072
2397,220186.78631047683
2398,134374.8318959961
2399,54766.87280653032
2400,56993.86709767274
2401,109189.78740768417
2402,138872.0946974581
2403,138269.121095914
2404,153104.7758874027
2405,156411.06871411018
2406,142317.50647645033
2407,129718.98751043672
2408,143273.59580456882
2409,127429.46485415225
2410,163622.34458292686
2411,119422.46350645371
2412,158910.71466988968
2413,130589.21689552456
2414,139994.80452294368
2415,138315.9492169913
2416,122686.21081983476
2417,137185.32333630623
2418,129961.88237944792
2419,127541.49357568966
2420,129691.54757770855
2421,153732.1070651266
2422,113366.06244063131
2423,124554.88781586688
2424,144988.08549549957
2425,203682.06892045873
2426,128106.76282538628
2427,135649.55949787804
2428,176625.69646954708
2429,116326.30654302947
2430,129329.24103190367
2431,104681.42946005178
2432,141154.76754581032
2433,140313.87510342096
2434,131428.4668137676
2435,144595.21509808494
2436,107857.32911127983
2437,107608.99056976191
2438,129371.44135555023
2439,112361.74524449848
2440,116879.58924131692
2441,98513.46335659087
2442,102838.80310435446
2443,122816.81441892197
2444,128356.73517993615
2445,83250.14594053719
2446,131605.1555291305
2447,184837.69376097558
2448,142159.71708925045
2449,114846.22673559822
2450,139733.71042264995
2451,134093.85129843242
2452,213227.67142348195
2453,93374.71301241603
2454,121749.26129325222
2455,113699.70081900683
2456,122593.85345146141
2457,122875.09059156418
2458,128362.69630019917
2459,110850.37017727533
2460,133047.76861407034
2461,121082.51047619063
2462,133845.99585892019
2463,126077.23785930702
2464,167516.57566024622
2465,133781.28732238326
2466,110186.89068493087
2467,143931.5653263379
2468,77257.00629099052
2469,72074.57098611943
2470,188830.64093261218
2471,212478.5468639819
2472,152305.05554522766
2473,115797.357782167
2474,83018.92786472643
2475,225091.7072854296
2476,117611.87773309388
2477,129266.82799746668
2478,146755.4769430882
2479,97051.65173700658
2480,150350.7270738621
2481,125922.75239874418
2482,136003.61949208082
2483,114943.03324851344
2484,122571.90254176164
2485,126231.4140297094
2486,142764.47754480274
2487,173727.75036665853
2488,172278.33048406432
2489,156351.06927154755
2490,146170.80007138517
2491,87833.64028794887
2492,184939.00690036642
2493,160096.393543384
2494,149033.78457663214
2495,90391.78866200334
2496,236379.1338732936
2497,155085.36078290525
2498,109679.06037541591
2499,96067.56866877247
2500,132711.30308785583
2501,133807.49629527715
2502,143909.91887162704
2503,86499.04564762163
2504,177549.27907595458
2505,234927.47985953564
2506,262230.45058899384
2507,272056.2610627249
2508,260972.69004964447
2509,216988.21064530814
2510,223145.0448419649
2511,182568.4329776
2512,208262.2007109166
2513,228658.1721371962
2514,271374.02106140234
2515,150447.37015973244
2516,171492.34237904396
2517,145103.72698691292
2518,151675.18887637625
2519,237648.13764225785
2520,222163.57449900015
2521,191813.9841771336
2522,232229.40318895126
2523,121317.77414044901
2524,129831.6143275252
2525,140004.85008293917
2526,132372.20121030288
2527,121238.69429276498
2528,128132.72943816501
2529,137616.4663999112
2530,124712.23584089073
2531,251176.93764487028
2532,230813.7682616965
2533,199867.34781655303
2534,238010.92306081002
2535,306803.1641286545
2536,247643.3676739771
2537,242047.9783469898
2538,190739.71839934678
2539,189627.5481979629
2540,168234.4088763703
2541,186975.7515337396
2542,162363.32799169733
2543,137630.5880399415
2544,124714.99636502149
2545,138784.5242560731
2546,135514.4626437672
2547,138005.32466498652
2548,148395.98322262926
2549,163786.2195482621
2550,325979.3379944983
2551,142672.75611032353
2552,126957.812429858
2553,78018.24326808678
2554,101994.4997050811
2555,127558.07741695008
2556,94777.6480892815
2557,110107.12438093308
2558,155470.66710304443
2559,121171.32493726998
2560,143528.68017185296
2561,140320.71931510195
2562,131337.597678175
2563,135521.55143007508
2564,192006.23116652045
2565,139646.04040994094
2566,161125.089981536
2567,125920.96069473047
2568,187907.4067689703
2569,195734.12038007728
2570,117072.38323696342
2571,173351.49538171204
2572,149030.50538817566
2573,212507.07292410845
2574,290776.73890172475
2575,136753.12419065015
2576,121980.48512201321
2577,149339.97937712277
2578,90485.62407662014
2579,75628.54149618877
2580,120285.20459812066
2581,119708.63536608967
2582,114160.3665298849
2583,294347.25673902564
2584,171351.8010416838
2585,181964.77035578943
2586,219344.5066178285
2587,197188.0191953336
2588,143646.10049054679
2589,150178.80890335486
2590,218192.07803445047
2591,235797.28488263843
2592,205496.13826637802
2593,255635.38069130632
2594,176931.06952028762
2595,201844.2318727515
2596,306268.5565639955
2597,184121.34801342338
2598,283571.7584854952
2599,352761.72494914813
2600,151231.56142620946
2601,146440.54996574752
2602,80710.42508745346
2603,100558.25517936883
2604,87824.48270492934
2605,75724.4272324429
2606,157082.07156611644
2607,208745.87355145853
2608,199171.75136859642
2609,168836.7700520458
2610,115203.46256440533
2611,115324.73006836463
2612,151889.39521378098
2613,142033.8159248235
2614,127379.06036836281
2615,157033.1372587665
2616,149684.4500498853
2617,180639.27396201724
2618,193975.2861479632
2619,200875.67446549764
2620,182141.92226465564
2621,176377.6598002776
2622,176154.12209844126
2623,245283.7892794204
2624,295722.33201230713
2625,266430.2575967288
2626,165739.8981152766
2627,151553.58976117478
2628,421639.01254635345
2629,436626.81097923487
2630,350364.92000197765
2631,432638.84932021383
2632,429352.3714100483
2633,298237.3549777513
2634,414998.0159987947
2635,157814.9072730362
2636,179272.83133315566
2637,178794.70456417685
2638,255653.39696383194
2639,182776.31055506127
2640,148025.78148344503
2641,105767.0142316881
2642,188349.67091209762
2643,98290.49784918642
2644,121214.09243743164
2645,106296.02806196302
2646,94829.09371734175
2647,102906.70553413518
2648,141527.46638241335
2649,146847.97525239168
2650,136853.6471998696
2651,142248.06816494153
2652,401525.3224972915
2653,241186.40162773622
2654,252421.50727825603
2655,426878.7412469526
2656,327555.4304455416
2657,348845.7565357591
2658,306696.68660104426
2659,299290.0129723416
2660,348235.00717858685
2661,368359.43389670656
2662,394908.88674072153
2663,280522.13636141346
2664,287020.7743320882
2665,329134.85903756804
2666,291607.68720854167
2667,159955.80678126457
2668,174385.98544914255
2669,168466.42303560118
2670,274640.5898831591
2671,185211.26856704245
2672,189278.00167639068
2673,210291.51345963415
2674,202743.43088217042
2675,170788.88341069227
2676,190501.54061705305
2677,189758.21116573826
2678,244580.8178697635
2679,274362.2285655403
2680,265945.2744083734
2681,425136.877570567
2682,321793.0676450733
2683,505870.68384952005
2684,304889.3584120343
2685,336417.42644549586
2686,261884.22093059457
2687,309434.5519003799
2688,210621.04628817426
2689,221032.78928915787
2690,366661.0107705735
2691,181847.53068974116
2692,122318.69676450238
2693,198165.82800090013
2694,110446.13277156506
2695,190968.9428464225
2696,189787.7643719369
2697,182384.49111837966
2698,195540.646818281
2699,178493.68545393413
2700,161760.19461341458
2701,154782.31927230034
2702,113429.04411742659
2703,122338.9314363537
2704,142083.9330770265
2705,116643.23816390808
2706,114545.39675217614
2707,127422.87423618425
2708,133314.87691078696
2709,96558.10682927333
2710,124300.34827030147
2711,277762.8938901645
2712,399860.05635672377
2713,170683.65215644875
2714,150188.67362573324
2715,168423.89184452387
2716,155473.56575524993
2717,187879.2823663669
2718,229775.34084198443
2719,155035.0653766164
2720,168716.5646456148
2721,134422.80475378336
2722,158306.33432549966
2723,147321.4468935198
2724,133112.07247955308
2725,135620.13700889738
2726,147721.71489377547
2727,170606.3953921748
2728,172385.66561427977
2729,148796.41042114524
2730,144641.4166370836
2731,131612.9655163182
2732,129236.04412959199
2733,152403.61067779953
2734,147800.86791353123
2735,137639.53451476895
2736,151913.28574420043
2737,122045.4504982696
2738,138151.6394498777
2739,163290.35495257852
2740,137918.92418969405
2741,133109.61584522133
2742,152041.75497970064
2743,152685.82100978913
2744,154433.92909373532
2745,138495.4513774113
2746,142341.33760062538
2747,159398.64154392233
2748,126786.7901277137
2749,128049.29368935722
2750,139114.7388116243
2751,142883.39087942668
2752,204681.70351733515
2753,143270.440638819
2754,207322.48732753433
2755,128782.78628255657
2756,87483.4149224659
2757,58763.713978207044
2758,90206.96386823968
2759,151447.73527796412
2760,127918.83811607308
2761,143103.6252712498
2762,145361.38075691293
2763,178497.44658915597
2764,159577.03907164387
2765,293871.01696469646
2766,137288.85163405607
2767,81921.43810087394
2768,127463.81023411141
2769,122563.16512269664
2770,143963.8852005141
2771,116527.1918568137
2772,111085.2927018033
2773,160266.69832538013
2774,137448.0004268366
2775,121304.04783012143
2776,137123.1592948958
2777,147146.54502546258
2778,115554.93239065997
2779,124114.99091737313
2780,90180.09808725362
2781,97993.59372426775
2782,98932.99572650474
2783,90467.63512275409
2784,125561.41657095286
2785,134578.9672121536
2786,66904.16768443263
2787,116058.16033943706
2788,73100.9330761183
2789,167260.8152418635
2790,95179.36074349227
2791,115345.54209585012
2792,57775.807834764164
2793,172647.8998407971
2794,93577.4555145454
2795,122281.8572084219
2796,99893.31646731042
2797,189900.88197208423
2798,110448.05463839858
2799,117411.15754040316
2800,71296.66039479796
2801,102297.40358776953
2802,125794.89140606723
2803,152532.560495568
2804,140408.62642368284
2805,105374.77491268874
2806,90711.46154052627
2807,156217.48862497066
2808,153440.8894226861
2809,138231.51855073372
2810,131785.41520687297
2811,164464.60931390434
2812,153349.25001245498
2813,154026.01536666648
2814,150578.48923505406
2815,103180.24089375146
2816,255039.73991087452
2817,153699.68269281727
2818,133277.12455605195
2819,178460.92639237453
2820,144625.92984827585
2821,111590.80994528947
2822,208425.56758615636
2823,290236.25083395554
2824,189390.76686569463
2825,154872.9116691512
2826,136315.63772230697
2827,135130.17747608345
2828,221604.3960440815
2829,213341.22918130955
2830,222504.66973921348
2831,188384.68076159095
2832,250343.8832084628
2833,297353.1127416684
2834,211289.12200305122
2835,223193.1040586424
2836,197975.26194294
2837,147724.62171632773
2838,145944.30936830523
2839,181115.4404419842
2840,197265.7601603346
2841,208000.24688022668
2842,240496.97171224732
2843,146664.5165153569
2844,153904.1066444255
2845,117556.21543303166
2846,211718.21952476836
2847,198817.24549703955
2848,209930.5139694212
2849,198811.46378799586
2850,283127.18385933095
2851,224724.02800437808
2852,231796.0883688373
2853,245760.13974707935
2854,139703.38457212845
2855,203198.95120994552
2856,203191.99479922358
2857,194624.1190049287
2858,198009.3087692362
2859,128542.29997496272
2860,128243.47001205837
2861,129157.05361758047
2862,209419.6086208402
2863,122857.25152951265
2864,253108.21069218646
2865,139892.2577663122
2866,136256.60939467893
2867,105737.23382191866
2868,94905.05917844182
2869,110340.13706843014
2870,132388.90812058828
2871,92770.48682139834
2872,48208.222741501275
2873,113578.71594156825
2874,138416.9199748665
2875,116013.16820588615
2876,165252.18366608903
2877,146361.4531197869
2878,161986.9934143453
2879,141137.37735297286
2880,97639.37587619042
2881,143276.2127764342
2882,161257.44999587175
2883,185776.4574662761
2884,194128.9886186457
2885,184157.32693577744
2886,225320.6757285908
2887,85007.96990459667
2888,134164.6161003361
2889,53002.500618569116
2890,83941.0935680797
2891,136636.68995672782
2892,55822.70804525917
2893,95594.00028879385
2894,59793.17126784878
2895,330854.45279415254
2896,301728.36032077
2897,201145.0155346814
2898,143104.75627271843
2899,215992.3639451645
2900,151407.92357585655
2901,196570.55061874687
2902,180499.18019661526
2903,352964.75999195036
2904,371848.2676441827
2905,93135.36870654106
2906,204181.2053772088
2907,115732.87364857802
2908,134228.73546566084
2909,149396.16014883603
2910,79464.34651363005
2911,78258.75880456026
2912,145858.1941157628
2913,83834.69432038264
2914,77188.0909091618
2915,84484.05444179689
2916,83523.78934479837
2917,163566.41703696776
2918,115486.20709076275
2919,220724.0635405205
